PRODUCT,STORE,DATE,ORDER_QTY,PRODUCT_TYPE,DIVISION,
P1 1L,S1,1/13/2019,486.4,SEASONAL,EAST,
P1 1L,S1,6/9/2019,768,SEASONAL,EAST,
P1 1L,S1,11/3/2019,256,SEASONAL,EAST,
P1 1L,S1,1/26/2020,396.8,SEASONAL,EAST,
P1 1L,S1,4/5/2020,242.1280788,SEASONAL,EAST,
P1 1L,S1,1/24/2021,768,SEASONAL,EAST,
P1 1L,S1,3/7/2021,614.4,SEASONAL,EAST,
P1 1L,S1,5/2/2021,640,SEASONAL,EAST,
P1 1L,S1,9/12/2021,2176,SEASONAL,EAST,
P1 1L,S1,12/12/2021,115.2,SEASONAL,EAST,
P1 1L,S1,7/28/2019,1728,SEASONAL,WEST,
P1 1L,S1,9/22/2019,0,SEASONAL,WEST,
P1 1L,S1,6/7/2020,896,SEASONAL,WEST,
P1 1L,S1,11/1/2020,0,SEASONAL,WEST,
P1 1L,S1,12/20/2020,0,SEASONAL,WEST,
P1 1L,S1,10/10/2021,19.2,SEASONAL,WEST,
P1 1L,S1,1/6/2019,115.2,SEASONAL,NORTH,
P1 1L,S1,1/13/2019,217.6,SEASONAL,NORTH,
P1 1L,S1,2/10/2019,172.8,SEASONAL,NORTH,
P1 1L,S1,8/4/2019,5171.2,SEASONAL,NORTH,
P1 1L,S1,10/4/2020,894.7602096,SEASONAL,NORTH,
P1 1L,S1,3/28/2021,1158.4,SEASONAL,NORTH,
P1 1L,S1,8/8/2021,4864,SEASONAL,NORTH,
P1 1L,S1,10/10/2021,985.6,SEASONAL,NORTH,
P1 500ML,S1,3/3/2019,1716.48,SEASONAL,WEST,
P1 500ML,S1,6/30/2019,46844.16,SEASONAL,WEST,
P1 500ML,S1,3/15/2020,1583.36,SEASONAL,WEST,
P1 500ML,S1,11/8/2020,778.194012,SEASONAL,WEST,
P1 500ML,S1,12/6/2020,704,SEASONAL,WEST,
P1 500ML,S1,4/25/2021,14849.28,SEASONAL,WEST,
P1 500ML,S1,10/10/2021,2117.12,SEASONAL,WEST,
P1 500ML,S1,11/21/2021,990.72,SEASONAL,WEST,
P1 500ML,S1,1/9/2022,345.6,SEASONAL,WEST,
P1 500ML,S1,12/16/2018,0,SEASONAL,SOUTH,
P1 500ML,S1,7/7/2019,395.52,SEASONAL,SOUTH,
P1 500ML,S1,12/22/2019,69.12,SEASONAL,SOUTH,
P1 500ML,S1,4/12/2020,368.64,SEASONAL,SOUTH,
P1 500ML,S1,7/19/2020,750.08,SEASONAL,SOUTH,
P1 500ML,S1,1/17/2021,103.68,SEASONAL,SOUTH,
P1 500ML,S1,4/4/2021,380.16,SEASONAL,SOUTH,
P1 500ML,S1,4/18/2021,587.52,SEASONAL,SOUTH,
P1 500ML,S1,10/24/2021,185.6,SEASONAL,SOUTH,
P1 500ML,S1,10/31/2021,34.56,SEASONAL,SOUTH,
P2 4L,S1,3/24/2019,343.04,CONTINUOUS,WEST,
P2 4L,S1,7/19/2020,0,CONTINUOUS,WEST,
P2 4L,S1,1/31/2021,5.12,CONTINUOUS,WEST,
P2 4L,S1,3/28/2021,7.68,CONTINUOUS,WEST,
P2 4L,S1,6/6/2021,0,CONTINUOUS,WEST,
P2 4L,S1,11/11/2018,320,CONTINUOUS,EAST,
P2 4L,S1,8/25/2019,524.8,CONTINUOUS,EAST,
P2 4L,S1,9/20/2020,650.24,CONTINUOUS,EAST,
P2 4L,S1,11/22/2020,688.64,CONTINUOUS,EAST,
P2 4L,S1,3/14/2021,668.16,CONTINUOUS,EAST,
P2 4L,S1,6/27/2021,522.24,CONTINUOUS,EAST,
P2 4L,S1,10/31/2021,0,CONTINUOUS,EAST,
P1 1L,S1,7/21/2019,2880,SEASONAL,EAST,
P1 1L,S1,5/10/2020,614.4,SEASONAL,EAST,
P1 1L,S1,8/30/2020,2329.6,SEASONAL,EAST,
P1 1L,S1,2/14/2021,294.4,SEASONAL,EAST,
P1 1L,S1,2/21/2021,563.2,SEASONAL,EAST,
P1 1L,S1,5/9/2021,2496,SEASONAL,EAST,
P1 1L,S1,5/16/2021,870.4,SEASONAL,EAST,
P1 1L,S1,10/10/2021,435.2,SEASONAL,EAST,
P1 1L,S1,1/16/2022,1308.988235,SEASONAL,EAST,
P1 1L,S1,4/19/2020,0,SEASONAL,WEST,
P1 1L,S1,4/11/2021,691.2,SEASONAL,WEST,
P1 1L,S1,5/16/2021,902.4,SEASONAL,WEST,
P1 1L,S1,5/30/2021,787.2,SEASONAL,WEST,
P1 1L,S1,8/22/2021,1184,SEASONAL,WEST,
P1 1L,S1,9/5/2021,563.2,SEASONAL,WEST,
P1 1L,S1,10/17/2021,38.4,SEASONAL,WEST,
P1 1L,S1,11/21/2021,0,SEASONAL,WEST,
P1 1L,S1,12/2/2018,332.8,SEASONAL,NORTH,
P1 1L,S1,4/14/2019,2080,SEASONAL,NORTH,
P1 1L,S1,8/11/2019,4179.2,SEASONAL,NORTH,
P1 1L,S1,2/23/2020,435.2,SEASONAL,NORTH,
P1 1L,S1,3/14/2021,448,SEASONAL,NORTH,
P1 1L,S1,3/21/2021,1292.8,SEASONAL,NORTH,
P1 1L,S1,1/9/2022,262.4,SEASONAL,NORTH,
P1 500ML,S1,12/23/2018,436.48,SEASONAL,WEST,
P1 500ML,S1,2/10/2019,627.2,SEASONAL,WEST,
P1 500ML,S1,6/16/2019,23937.28,SEASONAL,WEST,
P1 500ML,S1,7/7/2019,34291.2,SEASONAL,WEST,
P1 500ML,S1,10/13/2019,1568,SEASONAL,WEST,
P1 500ML,S1,12/8/2019,756.48,SEASONAL,WEST,
P1 500ML,S1,2/23/2020,2001.92,SEASONAL,WEST,
P1 500ML,S1,3/8/2020,2351.36,SEASONAL,WEST,
P1 500ML,S1,5/3/2020,18376.96,SEASONAL,WEST,
P1 500ML,S1,3/21/2021,1685.067393,SEASONAL,WEST,
P1 500ML,S1,1/23/2022,556.7513924,SEASONAL,WEST,
P1 500ML,S1,11/18/2018,34.56,SEASONAL,SOUTH,
P1 500ML,S1,1/20/2019,80.64,SEASONAL,SOUTH,
P1 500ML,S1,4/14/2019,437.76,SEASONAL,SOUTH,
P1 500ML,S1,9/1/2019,433.92,SEASONAL,SOUTH,
P1 500ML,S1,9/15/2019,176.64,SEASONAL,SOUTH,
P1 500ML,S1,10/20/2019,161.28,SEASONAL,SOUTH,
P1 500ML,S1,12/29/2019,103.68,SEASONAL,SOUTH,
P1 500ML,S1,8/23/2020,407.04,SEASONAL,SOUTH,
P1 500ML,S1,10/4/2020,46.08,SEASONAL,SOUTH,
P1 500ML,S1,11/1/2020,115.2,SEASONAL,SOUTH,
P1 500ML,S1,8/22/2021,540.16,SEASONAL,SOUTH,
P1 500ML,S1,12/26/2021,0,SEASONAL,SOUTH,
P2 4L,S1,11/11/2018,291.84,CONTINUOUS,WEST,
P2 4L,S1,2/3/2019,430.08,CONTINUOUS,WEST,
P2 4L,S1,6/16/2019,151.04,CONTINUOUS,WEST,
P2 4L,S1,7/14/2019,327.68,CONTINUOUS,WEST,
P2 4L,S1,12/8/2019,368.64,CONTINUOUS,WEST,
P2 4L,S1,2/9/2020,110.5371429,CONTINUOUS,WEST,
P2 4L,S1,2/16/2020,166.8594872,CONTINUOUS,WEST,
P2 4L,S1,3/8/2020,209.940813,CONTINUOUS,WEST,
P2 4L,S1,5/17/2020,0,CONTINUOUS,WEST,
P2 4L,S1,7/18/2021,0,CONTINUOUS,WEST,
P2 4L,S1,11/4/2018,330.24,CONTINUOUS,EAST,
P2 4L,S1,11/10/2019,296.96,CONTINUOUS,EAST,
P2 4L,S1,7/5/2020,483.84,CONTINUOUS,EAST,
P2 4L,S1,2/7/2021,428.3458065,CONTINUOUS,EAST,
P2 4L,S1,2/28/2021,629.2097196,CONTINUOUS,EAST,
P2 4L,S1,11/7/2021,0,CONTINUOUS,EAST,
P2 4L,S1,11/28/2021,0,CONTINUOUS,EAST,
P1 1L,S1,3/10/2019,697.6,SEASONAL,EAST,
P1 1L,S1,6/2/2019,2240,SEASONAL,EAST,
P1 1L,S1,10/6/2019,1241.6,SEASONAL,EAST,
P1 1L,S1,11/10/2019,320,SEASONAL,EAST,
P1 1L,S1,11/17/2019,627.2,SEASONAL,EAST,
P1 1L,S1,1/12/2020,665.6,SEASONAL,EAST,
P1 1L,S1,9/13/2020,1011.2,SEASONAL,EAST,
P1 1L,S1,9/20/2020,620.8,SEASONAL,EAST,
P1 1L,S1,10/25/2020,166.4,SEASONAL,EAST,
P1 1L,S1,12/20/2020,896,SEASONAL,EAST,
P1 1L,S1,7/18/2021,3123.2,SEASONAL,EAST,
P1 1L,S1,9/5/2021,2451.2,SEASONAL,EAST,
P1 1L,S1,10/3/2021,1254.4,SEASONAL,EAST,
P1 1L,S1,8/11/2019,1420.8,SEASONAL,WEST,
P1 1L,S1,3/1/2020,0,SEASONAL,WEST,
P1 1L,S1,12/13/2020,0,SEASONAL,WEST,
P1 1L,S1,1/17/2021,0,SEASONAL,WEST,
P1 1L,S1,2/14/2021,0,SEASONAL,WEST,
P1 1L,S1,2/28/2021,0,SEASONAL,WEST,
P1 1L,S1,8/1/2021,1363.2,SEASONAL,WEST,
P1 1L,S1,8/29/2021,998.4,SEASONAL,WEST,
P1 1L,S1,12/5/2021,25.6,SEASONAL,WEST,
P1 1L,S1,12/9/2018,179.2,SEASONAL,NORTH,
P1 1L,S1,12/16/2018,288,SEASONAL,NORTH,
P1 1L,S1,5/12/2019,2873.6,SEASONAL,NORTH,
P1 1L,S1,6/30/2019,3916.8,SEASONAL,NORTH,
P1 1L,S1,6/7/2020,3257.6,SEASONAL,NORTH,
P1 1L,S1,1/10/2021,390.4,SEASONAL,NORTH,
P1 500ML,S1,3/10/2019,1803.52,SEASONAL,WEST,
P1 500ML,S1,7/14/2019,30493.44,SEASONAL,WEST,
P1 500ML,S1,7/28/2019,33338.88,SEASONAL,WEST,
P1 500ML,S1,9/1/2019,10707.2,SEASONAL,WEST,
P1 500ML,S1,10/6/2019,2429.44,SEASONAL,WEST,
P1 500ML,S1,1/26/2020,385.28,SEASONAL,WEST,
P1 500ML,S1,2/9/2020,382.72,SEASONAL,WEST,
P1 500ML,S1,5/31/2020,18944,SEASONAL,WEST,
P1 500ML,S1,8/30/2020,11013.12,SEASONAL,WEST,
P1 500ML,S1,9/27/2020,4600.32,SEASONAL,WEST,
P1 500ML,S1,10/11/2020,1611.52,SEASONAL,WEST,
P1 500ML,S1,5/9/2021,20061.44,SEASONAL,WEST,
P1 500ML,S1,8/1/2021,26905.6,SEASONAL,WEST,
P1 500ML,S1,9/26/2021,4071.68,SEASONAL,WEST,
P1 500ML,S1,10/24/2021,1112.32,SEASONAL,WEST,
P1 500ML,S1,12/5/2021,810.24,SEASONAL,WEST,
P1 500ML,S1,12/23/2018,102.4,SEASONAL,SOUTH,
P1 500ML,S1,8/18/2019,495.36,SEASONAL,SOUTH,
P1 500ML,S1,10/27/2019,115.2,SEASONAL,SOUTH,
P1 500ML,S1,11/24/2019,103.68,SEASONAL,SOUTH,
P1 500ML,S1,1/19/2020,69.12,SEASONAL,SOUTH,
P1 500ML,S1,5/24/2020,467.2,SEASONAL,SOUTH,
P1 500ML,S1,11/15/2020,34.56,SEASONAL,SOUTH,
P1 500ML,S1,5/2/2021,241.92,SEASONAL,SOUTH,
P1 500ML,S1,5/16/2021,431.36,SEASONAL,SOUTH,
P1 500ML,S1,6/6/2021,264.96,SEASONAL,SOUTH,
P1 500ML,S1,10/17/2021,46.08,SEASONAL,SOUTH,
P1 500ML,S1,11/7/2021,46.08,SEASONAL,SOUTH,
P2 4L,S1,11/18/2018,435.2,CONTINUOUS,WEST,
P2 4L,S1,11/25/2018,322.56,CONTINUOUS,WEST,
P2 4L,S1,12/9/2018,286.72,CONTINUOUS,WEST,
P2 4L,S1,12/16/2018,33.28,CONTINUOUS,WEST,
P2 4L,S1,5/26/2019,51.2,CONTINUOUS,WEST,
P2 4L,S1,1/19/2020,111.929711,CONTINUOUS,WEST,
P2 4L,S1,7/12/2020,0,CONTINUOUS,WEST,
P2 4L,S1,8/23/2020,0,CONTINUOUS,WEST,
P2 4L,S1,12/6/2020,0,CONTINUOUS,WEST,
P2 4L,S1,7/4/2021,0,CONTINUOUS,WEST,
P2 4L,S1,8/22/2021,5.12,CONTINUOUS,WEST,
P2 4L,S1,11/28/2021,7.68,CONTINUOUS,WEST,
P2 4L,S1,12/19/2021,0,CONTINUOUS,WEST,
P2 4L,S1,11/25/2018,453.12,CONTINUOUS,EAST,
P2 4L,S1,1/13/2019,294.4,CONTINUOUS,EAST,
P2 4L,S1,1/20/2019,396.8,CONTINUOUS,EAST,
P2 4L,S1,2/17/2019,422.4,CONTINUOUS,EAST,
P2 4L,S1,3/10/2019,343.04,CONTINUOUS,EAST,
P2 4L,S1,5/12/2019,343.04,CONTINUOUS,EAST,
P2 4L,S1,8/18/2019,314.88,CONTINUOUS,EAST,
P2 4L,S1,1/26/2020,317.44,CONTINUOUS,EAST,
P2 4L,S1,4/5/2020,1180.16,CONTINUOUS,EAST,
P2 4L,S1,5/24/2020,542.72,CONTINUOUS,EAST,
P2 4L,S1,6/14/2020,601.6,CONTINUOUS,EAST,
P2 4L,S1,8/2/2020,309.76,CONTINUOUS,EAST,
P2 4L,S1,1/16/2022,0,CONTINUOUS,EAST,
P1 1L,S1,2/24/2019,512,SEASONAL,EAST,
P1 1L,S1,3/31/2019,1299.2,SEASONAL,EAST,
P1 1L,S1,7/14/2019,640,SEASONAL,EAST,
P1 1L,S1,10/13/2019,844.8,SEASONAL,EAST,
P1 1L,S1,10/20/2019,358.4,SEASONAL,EAST,
P1 1L,S1,11/24/2019,550.4,SEASONAL,EAST,
P1 1L,S1,12/29/2019,345.6,SEASONAL,EAST,
P1 1L,S1,4/25/2021,857.6,SEASONAL,EAST,
P1 1L,S1,7/14/2019,1497.6,SEASONAL,WEST,
P1 1L,S1,10/13/2019,0,SEASONAL,WEST,
P1 1L,S1,12/29/2019,0,SEASONAL,WEST,
P1 1L,S1,5/2/2021,748.8,SEASONAL,WEST,
P1 1L,S1,1/2/2022,0,SEASONAL,WEST,
P1 1L,S1,1/16/2022,0,SEASONAL,WEST,
P1 1L,S1,12/23/2018,166.4,SEASONAL,NORTH,
P1 1L,S1,9/8/2019,1510.4,SEASONAL,NORTH,
P1 1L,S1,10/6/2019,825.6,SEASONAL,NORTH,
P1 1L,S1,10/27/2019,422.4,SEASONAL,NORTH,
P1 1L,S1,11/17/2019,390.4,SEASONAL,NORTH,
P1 1L,S1,6/28/2020,4204.8,SEASONAL,NORTH,
P1 1L,S1,12/6/2020,946.1028568,SEASONAL,NORTH,
P1 1L,S1,6/13/2021,4620.8,SEASONAL,NORTH,
P1 500ML,S1,2/3/2019,350.72,SEASONAL,WEST,
P1 500ML,S1,8/4/2019,26735.36,SEASONAL,WEST,
P1 500ML,S1,9/22/2019,5515.52,SEASONAL,WEST,
P1 500ML,S1,1/31/2021,497.92,SEASONAL,WEST,
P1 500ML,S1,7/4/2021,26410.24,SEASONAL,WEST,
P1 500ML,S1,11/4/2018,138.24,SEASONAL,SOUTH,
P1 500ML,S1,7/28/2019,765.44,SEASONAL,SOUTH,
P1 500ML,S1,9/29/2019,161.28,SEASONAL,SOUTH,
P1 500ML,S1,10/25/2020,92.16,SEASONAL,SOUTH,
P1 500ML,S1,3/21/2021,92.16,SEASONAL,SOUTH,
P1 500ML,S1,5/9/2021,337.92,SEASONAL,SOUTH,
P1 500ML,S1,6/27/2021,702.72,SEASONAL,SOUTH,
P1 500ML,S1,10/10/2021,33.28,SEASONAL,SOUTH,
P1 500ML,S1,1/9/2022,143.36,SEASONAL,SOUTH,
P2 4L,S1,9/22/2019,284.16,CONTINUOUS,WEST,
P2 4L,S1,10/6/2019,404.48,CONTINUOUS,WEST,
P2 4L,S1,3/15/2020,176.0537405,CONTINUOUS,WEST,
P2 4L,S1,4/12/2020,0,CONTINUOUS,WEST,
P2 4L,S1,8/30/2020,138.7140741,CONTINUOUS,WEST,
P2 4L,S1,11/22/2020,5.12,CONTINUOUS,WEST,
P2 4L,S1,1/24/2021,10.24,CONTINUOUS,WEST,
P2 4L,S1,10/17/2021,6.4,CONTINUOUS,WEST,
P2 4L,S1,11/7/2021,2.56,CONTINUOUS,WEST,
P2 4L,S1,11/14/2021,0,CONTINUOUS,WEST,
P2 4L,S1,1/16/2022,20.48,CONTINUOUS,WEST,
P2 4L,S1,12/16/2018,770.56,CONTINUOUS,EAST,
P2 4L,S1,4/28/2019,437.76,CONTINUOUS,EAST,
P2 4L,S1,10/6/2019,663.04,CONTINUOUS,EAST,
P2 4L,S1,12/22/2019,322.56,CONTINUOUS,EAST,
P2 4L,S1,4/19/2020,483.84,CONTINUOUS,EAST,
P2 4L,S1,10/18/2020,547.84,CONTINUOUS,EAST,
P2 4L,S1,12/6/2020,704,CONTINUOUS,EAST,
P2 4L,S1,2/21/2021,406.2840269,CONTINUOUS,EAST,
P2 4L,S1,4/25/2021,634.88,CONTINUOUS,EAST,
P1 1L,S1,9/1/2019,1446.4,SEASONAL,EAST,
P1 1L,S1,12/22/2019,1267.2,SEASONAL,EAST,
P1 1L,S1,5/24/2020,640,SEASONAL,EAST,
P1 1L,S1,6/28/2020,3430.4,SEASONAL,EAST,
P1 1L,S1,10/4/2020,1363.2,SEASONAL,EAST,
P1 1L,S1,1/31/2021,281.6,SEASONAL,EAST,
P1 1L,S1,3/28/2021,870.4,SEASONAL,EAST,
P1 1L,S1,4/4/2021,1446.4,SEASONAL,EAST,
P1 1L,S1,5/23/2021,3072,SEASONAL,EAST,
P1 1L,S1,6/13/2021,2803.2,SEASONAL,EAST,
P1 1L,S1,11/14/2021,345.6,SEASONAL,EAST,
P1 1L,S1,7/7/2019,1484.8,SEASONAL,WEST,
P1 1L,S1,9/29/2019,0,SEASONAL,WEST,
P1 1L,S1,2/23/2020,0,SEASONAL,WEST,
P1 1L,S1,5/17/2020,160,SEASONAL,WEST,
P1 1L,S1,8/16/2020,883.2,SEASONAL,WEST,
P1 1L,S1,11/15/2020,0,SEASONAL,WEST,
P1 1L,S1,1/24/2021,0,SEASONAL,WEST,
P1 1L,S1,4/25/2021,281.6,SEASONAL,WEST,
P1 1L,S1,7/4/2021,908.8,SEASONAL,WEST,
P1 1L,S1,11/25/2018,262.4,SEASONAL,NORTH,
P1 1L,S1,2/3/2019,192,SEASONAL,NORTH,
P1 1L,S1,2/17/2019,179.2,SEASONAL,NORTH,
P1 1L,S1,3/24/2019,1792,SEASONAL,NORTH,
P1 1L,S1,9/15/2019,1414.4,SEASONAL,NORTH,
P1 1L,S1,12/8/2019,313.6,SEASONAL,NORTH,
P1 1L,S1,2/2/2020,396.8,SEASONAL,NORTH,
P1 1L,S1,7/12/2020,4051.2,SEASONAL,NORTH,
P1 1L,S1,4/25/2021,2681.6,SEASONAL,NORTH,
P1 1L,S1,6/6/2021,5126.4,SEASONAL,NORTH,
P1 1L,S1,7/4/2021,3891.2,SEASONAL,NORTH,
P1 1L,S1,11/7/2021,537.6,SEASONAL,NORTH,
P1 500ML,S1,11/18/2018,547.84,SEASONAL,WEST,
P1 500ML,S1,3/31/2019,8988.16,SEASONAL,WEST,
P1 500ML,S1,8/18/2019,23900.16,SEASONAL,WEST,
P1 500ML,S1,2/7/2021,993.28,SEASONAL,WEST,
P1 500ML,S1,7/18/2021,30071.04,SEASONAL,WEST,
P1 500ML,S1,10/17/2021,1091.84,SEASONAL,WEST,
P1 500ML,S1,5/12/2019,483.84,SEASONAL,SOUTH,
P1 500ML,S1,6/9/2019,469.76,SEASONAL,SOUTH,
P1 500ML,S1,3/1/2020,88.32,SEASONAL,SOUTH,
P1 500ML,S1,5/10/2020,468.48,SEASONAL,SOUTH,
P1 500ML,S1,7/18/2021,541.44,SEASONAL,SOUTH,
P1 500ML,S1,7/25/2021,656.64,SEASONAL,SOUTH,
P2 4L,S1,2/23/2020,33.5505691,CONTINUOUS,WEST,
P2 4L,S1,4/4/2021,2.56,CONTINUOUS,WEST,
P2 4L,S1,8/15/2021,0,CONTINUOUS,WEST,
P2 4L,S1,9/5/2021,12.8,CONTINUOUS,WEST,
P2 4L,S1,9/19/2021,17.06666666,CONTINUOUS,WEST,
P2 4L,S1,3/24/2019,314.88,CONTINUOUS,EAST,
P2 4L,S1,9/8/2019,332.8,CONTINUOUS,EAST,
P2 4L,S1,11/24/2019,376.32,CONTINUOUS,EAST,
P2 4L,S1,2/2/2020,232.96,CONTINUOUS,EAST,
P2 4L,S1,3/8/2020,450.56,CONTINUOUS,EAST,
P2 4L,S1,5/3/2020,675.84,CONTINUOUS,EAST,
P2 4L,S1,5/10/2020,683.52,CONTINUOUS,EAST,
P2 4L,S1,10/11/2020,455.68,CONTINUOUS,EAST,
P2 4L,S1,11/1/2020,650.24,CONTINUOUS,EAST,
P2 4L,S1,11/29/2020,611.84,CONTINUOUS,EAST,
P2 4L,S1,3/28/2021,762.88,CONTINUOUS,EAST,
P2 4L,S1,6/6/2021,552.96,CONTINUOUS,EAST,
P2 4L,S1,11/21/2021,0,CONTINUOUS,EAST,
P1 1L,S1,11/11/2018,588.8,SEASONAL,EAST,
P1 1L,S1,12/9/2018,345.6,SEASONAL,EAST,
P1 1L,S1,5/5/2019,2048,SEASONAL,EAST,
P1 1L,S1,5/19/2019,736,SEASONAL,EAST,
P1 1L,S1,8/4/2019,1216,SEASONAL,EAST,
P1 1L,S1,9/15/2019,1792,SEASONAL,EAST,
P1 1L,S1,12/15/2019,627.2,SEASONAL,EAST,
P1 1L,S1,2/2/2020,800,SEASONAL,EAST,
P1 1L,S1,3/8/2020,1459.2,SEASONAL,EAST,
P1 1L,S1,4/12/2020,524.8,SEASONAL,EAST,
P1 1L,S1,1/10/2021,870.4,SEASONAL,EAST,
P1 1L,S1,6/27/2021,1945.6,SEASONAL,EAST,
P1 1L,S1,8/1/2021,2208,SEASONAL,EAST,
P1 1L,S1,12/5/2021,601.6,SEASONAL,EAST,
P1 1L,S1,5/5/2019,332.8,SEASONAL,WEST,
P1 1L,S1,9/1/2019,832,SEASONAL,WEST,
P1 1L,S1,11/3/2019,0,SEASONAL,WEST,
P1 1L,S1,12/22/2019,0,SEASONAL,WEST,
P1 1L,S1,7/12/2020,972.8,SEASONAL,WEST,
P1 1L,S1,9/20/2020,12.8,SEASONAL,WEST,
P1 1L,S1,11/8/2020,0,SEASONAL,WEST,
P1 1L,S1,3/14/2021,0,SEASONAL,WEST,
P1 1L,S1,5/23/2021,1335.552,SEASONAL,WEST,
P1 1L,S1,6/20/2021,1318.4,SEASONAL,WEST,
P1 1L,S1,3/31/2019,1209.6,SEASONAL,NORTH,
P1 1L,S1,1/24/2021,268.8,SEASONAL,NORTH,
P1 1L,S1,6/27/2021,4441.6,SEASONAL,NORTH,
P1 1L,S1,10/31/2021,204.8,SEASONAL,NORTH,
P1 500ML,S1,10/27/2019,856.32,SEASONAL,WEST,
P1 500ML,S1,5/24/2020,30629.12,SEASONAL,WEST,
P1 500ML,S1,6/21/2020,32515.84,SEASONAL,WEST,
P1 500ML,S1,6/28/2020,27534.08,SEASONAL,WEST,
P1 500ML,S1,8/9/2020,28761.6,SEASONAL,WEST,
P1 500ML,S1,9/6/2020,7810.56,SEASONAL,WEST,
P1 500ML,S1,1/3/2021,334.08,SEASONAL,WEST,
P1 500ML,S1,1/2/2022,230.4,SEASONAL,WEST,
P1 500ML,S1,9/22/2019,161.28,SEASONAL,SOUTH,
P1 500ML,S1,6/7/2020,445.44,SEASONAL,SOUTH,
P1 500ML,S1,12/13/2020,0,SEASONAL,SOUTH,
P1 500ML,S1,4/25/2021,218.88,SEASONAL,SOUTH,
P1 500ML,S1,11/28/2021,69.12,SEASONAL,SOUTH,
P2 4L,S1,5/5/2019,38.4,CONTINUOUS,WEST,
P2 4L,S1,11/17/2019,366.08,CONTINUOUS,WEST,
P2 4L,S1,12/15/2019,204.8,CONTINUOUS,WEST,
P2 4L,S1,2/2/2020,177.7664,CONTINUOUS,WEST,
P2 4L,S1,10/18/2020,2.56,CONTINUOUS,WEST,
P2 4L,S1,11/1/2020,7.68,CONTINUOUS,WEST,
P2 4L,S1,2/21/2021,5.12,CONTINUOUS,WEST,
P2 4L,S1,8/8/2021,0,CONTINUOUS,WEST,
P2 4L,S1,3/31/2019,337.92,CONTINUOUS,EAST,
P2 4L,S1,12/29/2019,291.84,CONTINUOUS,EAST,
P2 4L,S1,2/9/2020,381.44,CONTINUOUS,EAST,
P2 4L,S1,2/16/2020,273.92,CONTINUOUS,EAST,
P2 4L,S1,4/18/2021,686.2019048,CONTINUOUS,EAST,
P2 4L,S1,5/9/2021,545.28,CONTINUOUS,EAST,
P1 1L,S1,3/24/2019,1024,SEASONAL,EAST,
P1 1L,S1,4/21/2019,896,SEASONAL,EAST,
P1 1L,S1,5/3/2020,998.4,SEASONAL,EAST,
P1 1L,S1,6/21/2020,1702.4,SEASONAL,EAST,
P1 1L,S1,8/23/2020,2060.8,SEASONAL,EAST,
P1 1L,S1,11/1/2020,36.57142857,SEASONAL,EAST,
P1 1L,S1,1/17/2021,729.6,SEASONAL,EAST,
P1 1L,S1,6/2/2019,953.6,SEASONAL,WEST,
P1 1L,S1,9/8/2019,320,SEASONAL,WEST,
P1 1L,S1,12/1/2019,0,SEASONAL,WEST,
P1 1L,S1,1/19/2020,0,SEASONAL,WEST,
P1 1L,S1,3/8/2020,0,SEASONAL,WEST,
P1 1L,S1,3/22/2020,0,SEASONAL,WEST,
P1 1L,S1,4/5/2020,0,SEASONAL,WEST,
P1 1L,S1,6/28/2020,921.6,SEASONAL,WEST,
P1 1L,S1,10/18/2020,0,SEASONAL,WEST,
P1 1L,S1,6/13/2021,960,SEASONAL,WEST,
P1 1L,S1,6/27/2021,1529.6,SEASONAL,WEST,
P1 1L,S1,4/7/2019,1478.4,SEASONAL,NORTH,
P1 1L,S1,4/21/2019,1536,SEASONAL,NORTH,
P1 1L,S1,4/28/2019,1996.8,SEASONAL,NORTH,
P1 1L,S1,12/15/2019,320,SEASONAL,NORTH,
P1 1L,S1,2/16/2020,249.6,SEASONAL,NORTH,
P1 1L,S1,3/8/2020,371.2,SEASONAL,NORTH,
P1 1L,S1,4/26/2020,465.92,SEASONAL,NORTH,
P1 1L,S1,9/27/2020,1324.8,SEASONAL,NORTH,
P1 1L,S1,10/18/2020,1005.696,SEASONAL,NORTH,
P1 1L,S1,10/25/2020,505.6,SEASONAL,NORTH,
P1 1L,S1,10/17/2021,697.6,SEASONAL,NORTH,
P1 500ML,S1,11/4/2018,444.16,SEASONAL,WEST,
P1 500ML,S1,1/20/2019,286.72,SEASONAL,WEST,
P1 500ML,S1,4/28/2019,13204.48,SEASONAL,WEST,
P1 500ML,S1,7/21/2019,32789.76,SEASONAL,WEST,
P1 500ML,S1,8/25/2019,22786.56,SEASONAL,WEST,
P1 500ML,S1,9/15/2019,8549.12,SEASONAL,WEST,
P1 500ML,S1,11/17/2019,421.12,SEASONAL,WEST,
P1 500ML,S1,1/12/2020,343.04,SEASONAL,WEST,
P1 500ML,S1,2/2/2020,647.68,SEASONAL,WEST,
P1 500ML,S1,5/17/2020,30813.44,SEASONAL,WEST,
P1 500ML,S1,12/20/2020,537.6,SEASONAL,WEST,
P1 500ML,S1,1/17/2021,303.36,SEASONAL,WEST,
P1 500ML,S1,11/14/2021,871.68,SEASONAL,WEST,
P1 500ML,S1,3/24/2019,541.44,SEASONAL,SOUTH,
P1 500ML,S1,6/23/2019,488.96,SEASONAL,SOUTH,
P1 500ML,S1,10/13/2019,34.56,SEASONAL,SOUTH,
P1 500ML,S1,11/17/2019,0,SEASONAL,SOUTH,
P1 500ML,S1,9/19/2021,25.39102041,SEASONAL,SOUTH,
P2 4L,S1,12/2/2018,422.4,CONTINUOUS,WEST,
P2 4L,S1,2/24/2019,66.56,CONTINUOUS,WEST,
P2 4L,S1,3/31/2019,343.04,CONTINUOUS,WEST,
P2 4L,S1,10/27/2019,271.36,CONTINUOUS,WEST,
P2 4L,S1,11/10/2019,453.12,CONTINUOUS,WEST,
P2 4L,S1,1/5/2020,158.72,CONTINUOUS,WEST,
P2 4L,S1,3/22/2020,225.7613675,CONTINUOUS,WEST,
P2 4L,S1,5/24/2020,0,CONTINUOUS,WEST,
P2 4L,S1,6/7/2020,0,CONTINUOUS,WEST,
P2 4L,S1,9/20/2020,10.24,CONTINUOUS,WEST,
P2 4L,S1,11/29/2020,0,CONTINUOUS,WEST,
P2 4L,S1,12/27/2020,0,CONTINUOUS,WEST,
P2 4L,S1,8/29/2021,10.24,CONTINUOUS,WEST,
P2 4L,S1,10/3/2021,12.8,CONTINUOUS,WEST,
P2 4L,S1,12/23/2018,286.72,CONTINUOUS,EAST,
P2 4L,S1,1/6/2019,463.36,CONTINUOUS,EAST,
P2 4L,S1,9/1/2019,279.04,CONTINUOUS,EAST,
P2 4L,S1,11/3/2019,330.24,CONTINUOUS,EAST,
P2 4L,S1,6/21/2020,524.8,CONTINUOUS,EAST,
P2 4L,S1,7/19/2020,343.04,CONTINUOUS,EAST,
P2 4L,S1,8/9/2020,299.52,CONTINUOUS,EAST,
P2 4L,S1,9/27/2020,555.52,CONTINUOUS,EAST,
P2 4L,S1,7/25/2021,0,CONTINUOUS,EAST,
P2 4L,S1,8/8/2021,0,CONTINUOUS,EAST,
P2 4L,S1,8/22/2021,0,CONTINUOUS,EAST,
P1 1L,S1,12/2/2018,512,SEASONAL,EAST,
P1 1L,S1,1/6/2019,665.6,SEASONAL,EAST,
P1 1L,S1,1/20/2019,358.4,SEASONAL,EAST,
P1 1L,S1,1/27/2019,358.4,SEASONAL,EAST,
P1 1L,S1,2/3/2019,473.6,SEASONAL,EAST,
P1 1L,S1,1/5/2020,1152,SEASONAL,EAST,
P1 1L,S1,3/15/2020,1606.458715,SEASONAL,EAST,
P1 1L,S1,8/9/2020,998.4,SEASONAL,EAST,
P1 1L,S1,9/27/2020,1472,SEASONAL,EAST,
P1 1L,S1,11/8/2020,704,SEASONAL,EAST,
P1 1L,S1,4/11/2021,1664,SEASONAL,EAST,
P1 1L,S1,8/15/2021,3084.8,SEASONAL,EAST,
P1 1L,S1,9/19/2021,1094.4,SEASONAL,EAST,
P1 1L,S1,11/7/2021,678.4,SEASONAL,EAST,
P1 1L,S1,11/21/2021,345.6,SEASONAL,EAST,
P1 1L,S1,6/9/2019,1548.8,SEASONAL,WEST,
P1 1L,S1,8/18/2019,1612.8,SEASONAL,WEST,
P1 1L,S1,12/6/2020,0,SEASONAL,WEST,
P1 1L,S1,1/3/2021,0,SEASONAL,WEST,
P1 1L,S1,5/9/2021,684.8,SEASONAL,WEST,
P1 1L,S1,9/12/2021,742.4,SEASONAL,WEST,
P1 1L,S1,9/26/2021,307.2,SEASONAL,WEST,
P1 1L,S1,9/22/2019,1363.2,SEASONAL,NORTH,
P1 1L,S1,1/12/2020,268.8,SEASONAL,NORTH,
P1 1L,S1,1/19/2020,179.2,SEASONAL,NORTH,
P1 1L,S1,1/26/2020,249.6,SEASONAL,NORTH,
P1 1L,S1,5/10/2020,2054.4,SEASONAL,NORTH,
P1 1L,S1,11/15/2020,1273.6,SEASONAL,NORTH,
P1 1L,S1,4/4/2021,1376,SEASONAL,NORTH,
P1 1L,S1,5/2/2021,2764.8,SEASONAL,NORTH,
P1 1L,S1,8/22/2021,4403.2,SEASONAL,NORTH,
P1 500ML,S1,6/23/2019,32980.48,SEASONAL,WEST,
P1 500ML,S1,10/20/2019,800,SEASONAL,WEST,
P1 500ML,S1,11/3/2019,427.52,SEASONAL,WEST,
P1 500ML,S1,2/16/2020,432.64,SEASONAL,WEST,
P1 500ML,S1,8/2/2020,24345.6,SEASONAL,WEST,
P1 500ML,S1,10/4/2020,2686.72,SEASONAL,WEST,
P1 500ML,S1,5/30/2021,22007.04,SEASONAL,WEST,
P1 500ML,S1,8/8/2021,30475.52,SEASONAL,WEST,
P1 500ML,S1,9/5/2021,7089.92,SEASONAL,WEST,
P1 500ML,S1,11/28/2021,823.04,SEASONAL,WEST,
P1 500ML,S1,1/16/2022,158.5745454,SEASONAL,WEST,
P1 500ML,S1,12/8/2019,46.08,SEASONAL,SOUTH,
P1 500ML,S1,3/29/2020,241.92,SEASONAL,SOUTH,
P1 500ML,S1,2/7/2021,80.64,SEASONAL,SOUTH,
P1 500ML,S1,8/29/2021,303.36,SEASONAL,SOUTH,
P1 500ML,S1,9/12/2021,138.24,SEASONAL,SOUTH,
P1 500ML,S1,11/14/2021,69.12,SEASONAL,SOUTH,
P1 500ML,S1,12/5/2021,34.56,SEASONAL,SOUTH,
P2 4L,S1,3/10/2019,335.36,CONTINUOUS,WEST,
P2 4L,S1,4/7/2019,350.72,CONTINUOUS,WEST,
P2 4L,S1,6/30/2019,332.8,CONTINUOUS,WEST,
P2 4L,S1,1/12/2020,358.4,CONTINUOUS,WEST,
P2 4L,S1,7/5/2020,154.6633846,CONTINUOUS,WEST,
P2 4L,S1,10/11/2020,5.12,CONTINUOUS,WEST,
P2 4L,S1,2/7/2021,7.68,CONTINUOUS,WEST,
P2 4L,S1,4/18/2021,5.12,CONTINUOUS,WEST,
P2 4L,S1,5/9/2021,11.264,CONTINUOUS,WEST,
P2 4L,S1,7/11/2021,0,CONTINUOUS,WEST,
P2 4L,S1,12/5/2021,5.12,CONTINUOUS,WEST,
P2 4L,S1,12/2/2018,307.2,CONTINUOUS,EAST,
P2 4L,S1,6/23/2019,547.84,CONTINUOUS,EAST,
P2 4L,S1,7/21/2019,307.2,CONTINUOUS,EAST,
P2 4L,S1,8/11/2019,286.72,CONTINUOUS,EAST,
P2 4L,S1,10/13/2019,166.4,CONTINUOUS,EAST,
P2 4L,S1,12/1/2019,355.84,CONTINUOUS,EAST,
P2 4L,S1,1/5/2020,253.44,CONTINUOUS,EAST,
P2 4L,S1,4/26/2020,724.48,CONTINUOUS,EAST,
P2 4L,S1,7/12/2020,325.12,CONTINUOUS,EAST,
P2 4L,S1,1/3/2021,678.4,CONTINUOUS,EAST,
P1 1L,S1,12/30/2018,448,SEASONAL,EAST,
P1 1L,S1,7/28/2019,832,SEASONAL,EAST,
P1 1L,S1,8/11/2019,2816,SEASONAL,EAST,
P1 1L,S1,12/8/2019,614.4,SEASONAL,EAST,
P1 1L,S1,3/22/2020,409.6,SEASONAL,EAST,
P1 1L,S1,7/12/2020,1120,SEASONAL,EAST,
P1 1L,S1,12/27/2020,576,SEASONAL,EAST,
P1 1L,S1,10/24/2021,316.16,SEASONAL,EAST,
P1 1L,S1,12/19/2021,806.4,SEASONAL,EAST,
P1 1L,S1,1/23/2022,1643.789474,SEASONAL,EAST,
P1 1L,S1,10/20/2019,0,SEASONAL,WEST,
P1 1L,S1,11/17/2019,0,SEASONAL,WEST,
P1 1L,S1,2/2/2020,0,SEASONAL,WEST,
P1 1L,S1,4/12/2020,0,SEASONAL,WEST,
P1 1L,S1,8/2/2020,883.2,SEASONAL,WEST,
P1 1L,S1,8/9/2020,857.6,SEASONAL,WEST,
P1 1L,S1,8/23/2020,563.2,SEASONAL,WEST,
P1 1L,S1,9/19/2021,43.67058823,SEASONAL,WEST,
P1 1L,S1,12/12/2021,0,SEASONAL,WEST,
P1 1L,S1,12/30/2018,57.6,SEASONAL,NORTH,
P1 1L,S1,6/16/2019,4217.6,SEASONAL,NORTH,
P1 1L,S1,7/21/2019,5145.6,SEASONAL,NORTH,
P1 1L,S1,11/3/2019,1292.8,SEASONAL,NORTH,
P1 1L,S1,8/16/2020,3872,SEASONAL,NORTH,
P1 1L,S1,2/14/2021,313.6,SEASONAL,NORTH,
P1 1L,S1,5/16/2021,3929.6,SEASONAL,NORTH,
P1 1L,S1,9/5/2021,2041.6,SEASONAL,NORTH,
P1 1L,S1,12/26/2021,300.8,SEASONAL,NORTH,
P1 500ML,S1,7/12/2020,27603.2,SEASONAL,WEST,
P1 500ML,S1,7/26/2020,27161.6,SEASONAL,WEST,
P1 500ML,S1,11/1/2020,732.16,SEASONAL,WEST,
P1 500ML,S1,3/14/2021,3466.748718,SEASONAL,WEST,
P1 500ML,S1,6/6/2021,27624.96,SEASONAL,WEST,
P1 500ML,S1,8/15/2021,27950.08,SEASONAL,WEST,
P1 500ML,S1,11/25/2018,92.16,SEASONAL,SOUTH,
P1 500ML,S1,5/19/2019,560.64,SEASONAL,SOUTH,
P1 500ML,S1,8/11/2019,540.16,SEASONAL,SOUTH,
P1 500ML,S1,9/8/2019,34.56,SEASONAL,SOUTH,
P1 500ML,S1,6/28/2020,576,SEASONAL,SOUTH,
P1 500ML,S1,12/27/2020,115.2,SEASONAL,SOUTH,
P1 500ML,S1,6/13/2021,424.96,SEASONAL,SOUTH,
P1 500ML,S1,8/15/2021,558.08,SEASONAL,SOUTH,
P1 500ML,S1,9/5/2021,193.28,SEASONAL,SOUTH,
P2 4L,S1,8/25/2019,212.48,CONTINUOUS,WEST,
P2 4L,S1,9/8/2019,307.2,CONTINUOUS,WEST,
P2 4L,S1,11/24/2019,396.8,CONTINUOUS,WEST,
P2 4L,S1,7/26/2020,0,CONTINUOUS,WEST,
P2 4L,S1,1/3/2021,0,CONTINUOUS,WEST,
P2 4L,S1,6/13/2021,2.56,CONTINUOUS,WEST,
P2 4L,S1,7/25/2021,0,CONTINUOUS,WEST,
P2 4L,S1,2/24/2019,343.04,CONTINUOUS,EAST,
P2 4L,S1,3/17/2019,258.56,CONTINUOUS,EAST,
P2 4L,S1,4/7/2019,366.08,CONTINUOUS,EAST,
P2 4L,S1,6/30/2019,220.16,CONTINUOUS,EAST,
P2 4L,S1,1/31/2021,540.121791,CONTINUOUS,EAST,
P2 4L,S1,9/12/2021,0,CONTINUOUS,EAST,
P2 4L,S1,12/5/2021,0,CONTINUOUS,EAST,
P1 1L,S1,2/10/2019,704,SEASONAL,EAST,
P1 1L,S1,4/14/2019,3878.4,SEASONAL,EAST,
P1 1L,S1,5/26/2019,2016,SEASONAL,EAST,
P1 1L,S1,6/23/2019,4262.4,SEASONAL,EAST,
P1 1L,S1,3/29/2020,519.68,SEASONAL,EAST,
P1 1L,S1,7/5/2020,1760,SEASONAL,EAST,
P1 1L,S1,2/7/2021,1075.2,SEASONAL,EAST,
P1 1L,S1,6/20/2021,1920,SEASONAL,EAST,
P1 1L,S1,7/11/2021,1632,SEASONAL,EAST,
P1 1L,S1,10/31/2021,460.8,SEASONAL,EAST,
P1 1L,S1,4/28/2019,192,SEASONAL,WEST,
P1 1L,S1,3/15/2020,0,SEASONAL,WEST,
P1 1L,S1,5/10/2020,128,SEASONAL,WEST,
P1 1L,S1,9/6/2020,332.8,SEASONAL,WEST,
P1 1L,S1,1/31/2021,0,SEASONAL,WEST,
P1 1L,S1,3/7/2021,0,SEASONAL,WEST,
P1 1L,S1,7/25/2021,1299.2,SEASONAL,WEST,
P1 1L,S1,8/15/2021,1344,SEASONAL,WEST,
P1 1L,S1,11/14/2021,12.8,SEASONAL,WEST,
P1 1L,S1,12/26/2021,0,SEASONAL,WEST,
P1 1L,S1,3/10/2019,448,SEASONAL,NORTH,
P1 1L,S1,7/7/2019,4742.4,SEASONAL,NORTH,
P1 1L,S1,2/9/2020,256,SEASONAL,NORTH,
P1 1L,S1,3/15/2020,358.4,SEASONAL,NORTH,
P1 1L,S1,10/11/2020,620.8,SEASONAL,NORTH,
P1 1L,S1,11/1/2020,2515.2,SEASONAL,NORTH,
P1 1L,S1,12/27/2020,185.6,SEASONAL,NORTH,
P1 1L,S1,1/17/2021,83.2,SEASONAL,NORTH,
P1 1L,S1,4/18/2021,2067.2,SEASONAL,NORTH,
P1 1L,S1,11/28/2021,499.2,SEASONAL,NORTH,
P1 1L,S1,1/23/2022,204.8,SEASONAL,NORTH,
P1 500ML,S1,12/9/2018,560.64,SEASONAL,WEST,
P1 500ML,S1,12/30/2018,448,SEASONAL,WEST,
P1 500ML,S1,3/24/2019,5863.68,SEASONAL,WEST,
P1 500ML,S1,4/21/2019,13962.24,SEASONAL,WEST,
P1 500ML,S1,1/5/2020,286.72,SEASONAL,WEST,
P1 500ML,S1,7/19/2020,30045.44,SEASONAL,WEST,
P1 500ML,S1,8/16/2020,23956.48,SEASONAL,WEST,
P1 500ML,S1,11/22/2020,1030.4,SEASONAL,WEST,
P1 500ML,S1,1/24/2021,637.44,SEASONAL,WEST,
P1 500ML,S1,6/2/2019,579.84,SEASONAL,SOUTH,
P1 500ML,S1,7/14/2019,663.04,SEASONAL,SOUTH,
P1 500ML,S1,8/4/2019,806.4,SEASONAL,SOUTH,
P1 500ML,S1,3/22/2020,188.6836364,SEASONAL,SOUTH,
P1 500ML,S1,4/5/2020,64.90536586,SEASONAL,SOUTH,
P1 500ML,S1,4/26/2020,253.44,SEASONAL,SOUTH,
P1 500ML,S1,7/5/2020,550.4,SEASONAL,SOUTH,
P1 500ML,S1,9/6/2020,313.6,SEASONAL,SOUTH,
P1 500ML,S1,9/13/2020,24.97699115,SEASONAL,SOUTH,
P1 500ML,S1,11/22/2020,80.64,SEASONAL,SOUTH,
P2 4L,S1,12/30/2018,122.88,CONTINUOUS,WEST,
P2 4L,S1,2/10/2019,299.52,CONTINUOUS,WEST,
P2 4L,S1,6/9/2019,158.72,CONTINUOUS,WEST,
P2 4L,S1,8/11/2019,194.56,CONTINUOUS,WEST,
P2 4L,S1,9/1/2019,158.72,CONTINUOUS,WEST,
P2 4L,S1,9/15/2019,322.56,CONTINUOUS,WEST,
P2 4L,S1,8/9/2020,138.7140741,CONTINUOUS,WEST,
P2 4L,S1,1/17/2021,12.8,CONTINUOUS,WEST,
P2 4L,S1,2/28/2021,0,CONTINUOUS,WEST,
P2 4L,S1,6/20/2021,0,CONTINUOUS,WEST,
P2 4L,S1,12/12/2021,2.56,CONTINUOUS,WEST,
P2 4L,S1,3/3/2019,327.68,CONTINUOUS,EAST,
P2 4L,S1,5/26/2019,353.28,CONTINUOUS,EAST,
P2 4L,S1,9/22/2019,302.08,CONTINUOUS,EAST,
P2 4L,S1,5/31/2020,535.04,CONTINUOUS,EAST,
P2 4L,S1,10/4/2020,862.72,CONTINUOUS,EAST,
P2 4L,S1,12/20/2020,719.36,CONTINUOUS,EAST,
P2 4L,S1,7/18/2021,460.8,CONTINUOUS,EAST,
P1 1L,S1,6/30/2019,1728,SEASONAL,EAST,
P1 1L,S1,7/7/2019,3564.8,SEASONAL,EAST,
P1 1L,S1,8/18/2019,2496,SEASONAL,EAST,
P1 1L,S1,9/6/2020,0,SEASONAL,EAST,
P1 1L,S1,10/27/2019,0,SEASONAL,WEST,
P1 1L,S1,1/12/2020,0,SEASONAL,WEST,
P1 1L,S1,1/26/2020,0,SEASONAL,WEST,
P1 1L,S1,7/26/2020,601.6,SEASONAL,WEST,
P1 1L,S1,9/27/2020,89.6,SEASONAL,WEST,
P1 1L,S1,10/25/2020,0,SEASONAL,WEST,
P1 1L,S1,4/4/2021,76.8,SEASONAL,WEST,
P1 1L,S1,4/18/2021,364.8,SEASONAL,WEST,
P1 1L,S1,7/11/2021,1523.2,SEASONAL,WEST,
P1 1L,S1,1/20/2019,134.4,SEASONAL,NORTH,
P1 1L,S1,5/19/2019,2777.6,SEASONAL,NORTH,
P1 1L,S1,8/25/2019,3699.2,SEASONAL,NORTH,
P1 1L,S1,10/13/2019,320,SEASONAL,NORTH,
P1 1L,S1,12/29/2019,691.2,SEASONAL,NORTH,
P1 1L,S1,7/5/2020,4627.2,SEASONAL,NORTH,
P1 1L,S1,5/23/2021,3712,SEASONAL,NORTH,
P1 1L,S1,11/21/2021,358.4,SEASONAL,NORTH,
P1 1L,S1,12/5/2021,697.6,SEASONAL,NORTH,
P1 500ML,S1,11/11/2018,372.48,SEASONAL,WEST,
P1 500ML,S1,1/6/2019,267.52,SEASONAL,WEST,
P1 500ML,S1,5/5/2019,25763.84,SEASONAL,WEST,
P1 500ML,S1,5/19/2019,20040.96,SEASONAL,WEST,
P1 500ML,S1,4/26/2020,19219.2,SEASONAL,WEST,
P1 500ML,S1,5/10/2020,17916.16,SEASONAL,WEST,
P1 500ML,S1,5/16/2021,28467.2,SEASONAL,WEST,
P1 500ML,S1,6/13/2021,25998.08,SEASONAL,WEST,
P1 500ML,S1,6/20/2021,24945.92,SEASONAL,WEST,
P1 500ML,S1,9/19/2021,6451.2,SEASONAL,WEST,
P1 500ML,S1,4/28/2019,426.24,SEASONAL,SOUTH,
P1 500ML,S1,2/2/2020,75.36,SEASONAL,SOUTH,
P1 500ML,S1,2/23/2020,241.92,SEASONAL,SOUTH,
P1 500ML,S1,3/15/2020,264.96,SEASONAL,SOUTH,
P1 500ML,S1,5/3/2020,506.88,SEASONAL,SOUTH,
P1 500ML,S1,5/31/2020,462.08,SEASONAL,SOUTH,
P1 500ML,S1,1/10/2021,103.68,SEASONAL,SOUTH,
P1 500ML,S1,4/11/2021,264.96,SEASONAL,SOUTH,
P2 4L,S1,1/13/2019,442.88,CONTINUOUS,WEST,
P2 4L,S1,8/4/2019,276.48,CONTINUOUS,WEST,
P2 4L,S1,10/13/2019,332.8,CONTINUOUS,WEST,
P2 4L,S1,3/29/2020,197.12,CONTINUOUS,WEST,
P2 4L,S1,4/5/2020,201.5331343,CONTINUOUS,WEST,
P2 4L,S1,5/3/2020,0,CONTINUOUS,WEST,
P2 4L,S1,11/8/2020,5.12,CONTINUOUS,WEST,
P2 4L,S1,5/2/2021,7.68,CONTINUOUS,WEST,
P2 4L,S1,2/3/2019,302.08,CONTINUOUS,EAST,
P2 4L,S1,9/29/2019,307.2,CONTINUOUS,EAST,
P2 4L,S1,3/1/2020,296.96,CONTINUOUS,EAST,
P2 4L,S1,3/29/2020,1203.2,CONTINUOUS,EAST,
P2 4L,S1,7/26/2020,627.2,CONTINUOUS,EAST,
P2 4L,S1,9/6/2020,524.8,CONTINUOUS,EAST,
P2 4L,S1,3/21/2021,660.48,CONTINUOUS,EAST,
P2 4L,S1,5/2/2021,657.92,CONTINUOUS,EAST,
P2 4L,S1,8/15/2021,0,CONTINUOUS,EAST,
P2 4L,S1,10/10/2021,0,CONTINUOUS,EAST,
P1 1L,S1,10/27/2019,1164.8,SEASONAL,EAST,
P1 1L,S1,11/15/2020,409.6,SEASONAL,EAST,
P1 1L,S1,11/22/2020,620.8,SEASONAL,EAST,
P1 1L,S1,3/14/2021,1088,SEASONAL,EAST,
P1 1L,S1,8/8/2021,2534.4,SEASONAL,EAST,
P1 1L,S1,11/28/2021,1152,SEASONAL,EAST,
P1 1L,S1,5/26/2019,153.6,SEASONAL,WEST,
P1 1L,S1,8/25/2019,1049.6,SEASONAL,WEST,
P1 1L,S1,11/10/2019,0,SEASONAL,WEST,
P1 1L,S1,1/5/2020,0,SEASONAL,WEST,
P1 1L,S1,5/3/2020,25.6,SEASONAL,WEST,
P1 1L,S1,11/22/2020,0,SEASONAL,WEST,
P1 1L,S1,12/27/2020,0,SEASONAL,WEST,
P1 1L,S1,7/18/2021,1478.4,SEASONAL,WEST,
P1 1L,S1,10/3/2021,76.8,SEASONAL,WEST,
P1 1L,S1,1/9/2022,0,SEASONAL,WEST,
P1 1L,S1,1/23/2022,0,SEASONAL,WEST,
P1 1L,S1,3/17/2019,486.4,SEASONAL,NORTH,
P1 1L,S1,5/5/2019,3283.2,SEASONAL,NORTH,
P1 1L,S1,6/23/2019,4307.2,SEASONAL,NORTH,
P1 1L,S1,10/20/2019,518.4,SEASONAL,NORTH,
P1 1L,S1,12/1/2019,332.8,SEASONAL,NORTH,
P1 1L,S1,5/3/2020,1804.8,SEASONAL,NORTH,
P1 1L,S1,8/2/2020,3891.2,SEASONAL,NORTH,
P1 1L,S1,11/8/2020,908.958416,SEASONAL,NORTH,
P1 1L,S1,7/11/2021,4608,SEASONAL,NORTH,
P1 1L,S1,1/16/2022,64.10491803,SEASONAL,NORTH,
P1 500ML,S1,11/25/2018,665.6,SEASONAL,WEST,
P1 500ML,S1,12/2/2018,476.16,SEASONAL,WEST,
P1 500ML,S1,2/17/2019,526.08,SEASONAL,WEST,
P1 500ML,S1,5/26/2019,24504.32,SEASONAL,WEST,
P1 500ML,S1,1/19/2020,372.48,SEASONAL,WEST,
P1 500ML,S1,6/14/2020,31550.72,SEASONAL,WEST,
P1 500ML,S1,8/23/2020,17048.32,SEASONAL,WEST,
P1 500ML,S1,12/27/2020,322.56,SEASONAL,WEST,
P1 500ML,S1,4/4/2021,15411.2,SEASONAL,WEST,
P1 500ML,S1,5/2/2021,16099.84,SEASONAL,WEST,
P1 500ML,S1,7/11/2021,30110.72,SEASONAL,WEST,
P1 500ML,S1,7/25/2021,28549.12,SEASONAL,WEST,
P1 500ML,S1,11/3/2019,69.12,SEASONAL,SOUTH,
P1 500ML,S1,6/14/2020,491.52,SEASONAL,SOUTH,
P1 500ML,S1,10/18/2020,80.64,SEASONAL,SOUTH,
P1 500ML,S1,1/24/2021,103.68,SEASONAL,SOUTH,
P2 4L,S1,12/23/2018,0,CONTINUOUS,WEST,
P2 4L,S1,1/20/2019,312.32,CONTINUOUS,WEST,
P2 4L,S1,10/4/2020,5.12,CONTINUOUS,WEST,
P2 4L,S1,1/10/2021,2.56,CONTINUOUS,WEST,
P2 4L,S1,3/21/2021,23.04,CONTINUOUS,WEST,
P2 4L,S1,5/23/2021,2.56,CONTINUOUS,WEST,
P2 4L,S1,1/9/2022,0,CONTINUOUS,WEST,
P2 4L,S1,11/18/2018,419.84,CONTINUOUS,EAST,
P2 4L,S1,12/30/2018,289.28,CONTINUOUS,EAST,
P2 4L,S1,6/2/2019,396.8,CONTINUOUS,EAST,
P2 4L,S1,6/16/2019,368.64,CONTINUOUS,EAST,
P2 4L,S1,4/12/2020,1128.96,CONTINUOUS,EAST,
P2 4L,S1,6/28/2020,542.72,CONTINUOUS,EAST,
P2 4L,S1,10/25/2020,683.52,CONTINUOUS,EAST,
P2 4L,S1,1/24/2021,540.121791,CONTINUOUS,EAST,
P2 4L,S1,5/16/2021,561.6179775,CONTINUOUS,EAST,
P2 4L,S1,5/23/2021,496.64,CONTINUOUS,EAST,
P2 4L,S1,6/13/2021,463.36,CONTINUOUS,EAST,
P2 4L,S1,7/4/2021,468.48,CONTINUOUS,EAST,
P2 4L,S1,10/24/2021,0,CONTINUOUS,EAST,
P2 4L,S1,12/19/2021,0,CONTINUOUS,EAST,
P2 4L,S1,12/26/2021,0,CONTINUOUS,EAST,
P1 1L,S1,11/4/2018,428.8,SEASONAL,EAST,
P1 1L,S1,6/16/2019,1190.4,SEASONAL,EAST,
P1 1L,S1,3/1/2020,614.4,SEASONAL,EAST,
P1 1L,S1,6/14/2020,2521.6,SEASONAL,EAST,
P1 1L,S1,8/2/2020,1984,SEASONAL,EAST,
P1 1L,S1,2/28/2021,940.8,SEASONAL,EAST,
P1 1L,S1,6/6/2021,2995.2,SEASONAL,EAST,
P1 1L,S1,2/16/2020,0,SEASONAL,WEST,
P1 1L,S1,3/29/2020,0,SEASONAL,WEST,
P1 1L,S1,9/13/2020,217.6,SEASONAL,WEST,
P1 1L,S1,8/8/2021,1318.4,SEASONAL,WEST,
P1 1L,S1,12/22/2019,96,SEASONAL,NORTH,
P1 1L,S1,1/31/2021,332.8,SEASONAL,NORTH,
P1 1L,S1,2/7/2021,275.2,SEASONAL,NORTH,
P1 1L,S1,6/20/2021,3756.8,SEASONAL,NORTH,
P1 1L,S1,9/19/2021,1888,SEASONAL,NORTH,
P1 500ML,S1,3/17/2019,3432.96,SEASONAL,WEST,
P1 500ML,S1,9/8/2019,6972.16,SEASONAL,WEST,
P1 500ML,S1,6/7/2020,27269.12,SEASONAL,WEST,
P1 500ML,S1,12/13/2020,1169.92,SEASONAL,WEST,
P1 500ML,S1,2/14/2021,579.84,SEASONAL,WEST,
P1 500ML,S1,2/21/2021,1082.88,SEASONAL,WEST,
P1 500ML,S1,3/28/2021,9207.04,SEASONAL,WEST,
P1 500ML,S1,9/12/2021,7760.64,SEASONAL,WEST,
P1 500ML,S1,10/3/2021,3516.16,SEASONAL,WEST,
P1 500ML,S1,2/10/2019,57.6,SEASONAL,SOUTH,
P1 500ML,S1,5/5/2019,616.96,SEASONAL,SOUTH,
P1 500ML,S1,5/26/2019,472.32,SEASONAL,SOUTH,
P1 500ML,S1,1/12/2020,69.12,SEASONAL,SOUTH,
P1 500ML,S1,3/8/2020,207.36,SEASONAL,SOUTH,
P1 500ML,S1,7/26/2020,647.68,SEASONAL,SOUTH,
P1 500ML,S1,8/2/2020,590.08,SEASONAL,SOUTH,
P1 500ML,S1,10/11/2020,57.6,SEASONAL,SOUTH,
P1 500ML,S1,12/6/2020,53.76,SEASONAL,SOUTH,
P1 500ML,S1,3/7/2021,345.6,SEASONAL,SOUTH,
P1 500ML,S1,7/4/2021,509.44,SEASONAL,SOUTH,
P1 500ML,S1,1/2/2022,46.08,SEASONAL,SOUTH,
P2 4L,S1,2/17/2019,314.88,CONTINUOUS,WEST,
P2 4L,S1,9/29/2019,353.28,CONTINUOUS,WEST,
P2 4L,S1,12/22/2019,0,CONTINUOUS,WEST,
P2 4L,S1,1/26/2020,195.147541,CONTINUOUS,WEST,
P2 4L,S1,9/27/2020,5.12,CONTINUOUS,WEST,
P2 4L,S1,4/25/2021,5.12,CONTINUOUS,WEST,
P2 4L,S1,5/16/2021,6.632727273,CONTINUOUS,WEST,
P2 4L,S1,9/12/2021,0.498701298,CONTINUOUS,WEST,
P2 4L,S1,10/24/2021,25.6,CONTINUOUS,WEST,
P2 4L,S1,7/28/2019,309.76,CONTINUOUS,EAST,
P2 4L,S1,9/15/2019,332.8,CONTINUOUS,EAST,
P2 4L,S1,10/20/2019,220.16,CONTINUOUS,EAST,
P2 4L,S1,1/12/2020,337.92,CONTINUOUS,EAST,
P2 4L,S1,8/16/2020,366.08,CONTINUOUS,EAST,
P2 4L,S1,11/8/2020,581.12,CONTINUOUS,EAST,
P2 4L,S1,4/4/2021,547.84,CONTINUOUS,EAST,
P2 4L,S1,4/11/2021,698.88,CONTINUOUS,EAST,
P2 4L,S1,5/30/2021,611.84,CONTINUOUS,EAST,
P2 4L,S1,7/11/2021,430.08,CONTINUOUS,EAST,
P2 4L,S1,9/19/2021,0,CONTINUOUS,EAST,
P1 1L,S1,5/12/2019,1696,SEASONAL,EAST,
P1 1L,S1,8/25/2019,1894.4,SEASONAL,EAST,
P1 1L,S1,9/22/2019,1113.6,SEASONAL,EAST,
P1 1L,S1,5/31/2020,640,SEASONAL,EAST,
P1 1L,S1,6/7/2020,640,SEASONAL,EAST,
P1 1L,S1,10/18/2020,512,SEASONAL,EAST,
P1 1L,S1,11/29/2020,691.2,SEASONAL,EAST,
P1 1L,S1,7/25/2021,2118.4,SEASONAL,EAST,
P1 1L,S1,12/26/2021,1561.6,SEASONAL,EAST,
P1 1L,S1,6/23/2019,1363.2,SEASONAL,WEST,
P1 1L,S1,8/4/2019,1382.4,SEASONAL,WEST,
P1 1L,S1,12/8/2019,0,SEASONAL,WEST,
P1 1L,S1,6/21/2020,992,SEASONAL,WEST,
P1 1L,S1,8/30/2020,614.4,SEASONAL,WEST,
P1 1L,S1,10/4/2020,51.2,SEASONAL,WEST,
P1 1L,S1,11/29/2020,0,SEASONAL,WEST,
P1 1L,S1,2/7/2021,0,SEASONAL,WEST,
P1 1L,S1,3/21/2021,0,SEASONAL,WEST,
P1 1L,S1,11/7/2021,70.4,SEASONAL,WEST,
P1 1L,S1,1/27/2019,998.4,SEASONAL,NORTH,
P1 1L,S1,6/2/2019,3424,SEASONAL,NORTH,
P1 1L,S1,7/28/2019,5273.6,SEASONAL,NORTH,
P1 1L,S1,11/24/2019,448,SEASONAL,NORTH,
P1 1L,S1,4/5/2020,438.0444445,SEASONAL,NORTH,
P1 1L,S1,4/12/2020,281.6,SEASONAL,NORTH,
P1 1L,S1,4/19/2020,264.6646154,SEASONAL,NORTH,
P1 1L,S1,1/3/2021,243.2,SEASONAL,NORTH,
P1 1L,S1,7/18/2021,4153.6,SEASONAL,NORTH,
P1 1L,S1,8/29/2021,4518.4,SEASONAL,NORTH,
P1 1L,S1,12/19/2021,243.2,SEASONAL,NORTH,
P1 1L,S1,1/2/2022,185.6,SEASONAL,NORTH,
P1 500ML,S1,2/24/2019,1690.88,SEASONAL,WEST,
P1 500ML,S1,11/10/2019,454.4,SEASONAL,WEST,
P1 500ML,S1,12/22/2019,373.76,SEASONAL,WEST,
P1 500ML,S1,10/18/2020,865.28,SEASONAL,WEST,
P1 500ML,S1,10/25/2020,584.96,SEASONAL,WEST,
P1 500ML,S1,1/10/2021,506.88,SEASONAL,WEST,
P1 500ML,S1,3/7/2021,2502.4,SEASONAL,WEST,
P1 500ML,S1,4/18/2021,10364.16,SEASONAL,WEST,
P1 500ML,S1,10/31/2021,806.4,SEASONAL,WEST,
P1 500ML,S1,12/9/2018,46.08,SEASONAL,SOUTH,
P1 500ML,S1,12/30/2018,80.64,SEASONAL,SOUTH,
P1 500ML,S1,1/27/2019,92.16,SEASONAL,SOUTH,
P1 500ML,S1,2/9/2020,334.9333334,SEASONAL,SOUTH,
P1 500ML,S1,8/9/2020,497.92,SEASONAL,SOUTH,
P1 500ML,S1,8/30/2020,494.08,SEASONAL,SOUTH,
P1 500ML,S1,11/8/2020,46.08,SEASONAL,SOUTH,
P1 500ML,S1,7/11/2021,509.44,SEASONAL,SOUTH,
P1 500ML,S1,8/8/2021,500.48,SEASONAL,SOUTH,
P1 500ML,S1,1/23/2022,34.56,SEASONAL,SOUTH,
P2 4L,S1,5/10/2020,0,CONTINUOUS,WEST,
P2 4L,S1,6/28/2020,0,CONTINUOUS,WEST,
P2 4L,S1,9/13/2020,7.68,CONTINUOUS,WEST,
P2 4L,S1,2/14/2021,0,CONTINUOUS,WEST,
P2 4L,S1,6/27/2021,0,CONTINUOUS,WEST,
P2 4L,S1,9/26/2021,6.4,CONTINUOUS,WEST,
P2 4L,S1,10/31/2021,25.6,CONTINUOUS,WEST,
P2 4L,S1,1/23/2022,64,CONTINUOUS,WEST,
P2 4L,S1,12/9/2018,366.08,CONTINUOUS,EAST,
P2 4L,S1,4/21/2019,215.04,CONTINUOUS,EAST,
P2 4L,S1,10/27/2019,296.96,CONTINUOUS,EAST,
P2 4L,S1,12/8/2019,386.56,CONTINUOUS,EAST,
P2 4L,S1,2/23/2020,304.64,CONTINUOUS,EAST,
P2 4L,S1,2/14/2021,565.76,CONTINUOUS,EAST,
P2 4L,S1,6/20/2021,529.92,CONTINUOUS,EAST,
P2 4L,S1,8/29/2021,0,CONTINUOUS,EAST,
P2 4L,S1,11/14/2021,0,CONTINUOUS,EAST,
P2 4L,S1,1/23/2022,0,CONTINUOUS,EAST,
P1 1L,S1,11/18/2018,217.6,SEASONAL,EAST,
P1 1L,S1,1/19/2020,396.8,SEASONAL,EAST,
P1 1L,S1,4/19/2020,435.2,SEASONAL,EAST,
P1 1L,S1,5/17/2020,1280,SEASONAL,EAST,
P1 1L,S1,7/26/2020,899.2,SEASONAL,EAST,
P1 1L,S1,8/22/2021,3225.6,SEASONAL,EAST,
P1 1L,S1,1/2/2022,460.8,SEASONAL,EAST,
P1 1L,S1,5/19/2019,800,SEASONAL,WEST,
P1 1L,S1,5/24/2020,236.8,SEASONAL,WEST,
P1 1L,S1,12/19/2021,0,SEASONAL,WEST,
P1 1L,S1,8/18/2019,4729.6,SEASONAL,NORTH,
P1 1L,S1,11/10/2019,467.2,SEASONAL,NORTH,
P1 1L,S1,3/29/2020,241.92,SEASONAL,NORTH,
P1 1L,S1,8/30/2020,3225.6,SEASONAL,NORTH,
P1 1L,S1,9/20/2020,2041.6,SEASONAL,NORTH,
P1 1L,S1,11/22/2020,1461.508197,SEASONAL,NORTH,
P1 1L,S1,12/20/2020,134.4,SEASONAL,NORTH,
P1 1L,S1,5/30/2021,4153.6,SEASONAL,NORTH,
P1 500ML,S1,12/15/2019,697.6,SEASONAL,WEST,
P1 500ML,S1,3/1/2020,1697.28,SEASONAL,WEST,
P1 500ML,S1,7/5/2020,33209.6,SEASONAL,WEST,
P1 500ML,S1,11/15/2020,647.68,SEASONAL,WEST,
P1 500ML,S1,4/11/2021,17834.24,SEASONAL,WEST,
P1 500ML,S1,11/7/2021,806.4,SEASONAL,WEST,
P1 500ML,S1,12/19/2021,760.32,SEASONAL,WEST,
P1 500ML,S1,2/24/2019,149.76,SEASONAL,SOUTH,
P1 500ML,S1,6/30/2019,796.16,SEASONAL,SOUTH,
P1 500ML,S1,1/5/2020,46.08,SEASONAL,SOUTH,
P1 500ML,S1,12/20/2020,0,SEASONAL,SOUTH,
P1 500ML,S1,1/31/2021,115.2,SEASONAL,SOUTH,
P1 500ML,S1,5/23/2021,430.08,SEASONAL,SOUTH,
P1 500ML,S1,8/1/2021,652.8,SEASONAL,SOUTH,
P1 500ML,S1,9/26/2021,181.76,SEASONAL,SOUTH,
P2 4L,S1,1/6/2019,307.2,CONTINUOUS,WEST,
P2 4L,S1,1/27/2019,384,CONTINUOUS,WEST,
P2 4L,S1,4/14/2019,307.2,CONTINUOUS,WEST,
P2 4L,S1,5/12/2019,56.32,CONTINUOUS,WEST,
P2 4L,S1,7/28/2019,240.64,CONTINUOUS,WEST,
P2 4L,S1,10/20/2019,419.84,CONTINUOUS,WEST,
P2 4L,S1,12/29/2019,0,CONTINUOUS,WEST,
P2 4L,S1,10/25/2020,5.12,CONTINUOUS,WEST,
P2 4L,S1,5/30/2021,2.694736842,CONTINUOUS,WEST,
P2 4L,S1,4/14/2019,501.76,CONTINUOUS,EAST,
P2 4L,S1,5/5/2019,322.56,CONTINUOUS,EAST,
P2 4L,S1,3/22/2020,652.8,CONTINUOUS,EAST,
P2 4L,S1,8/23/2020,481.28,CONTINUOUS,EAST,
P2 4L,S1,8/30/2020,770.56,CONTINUOUS,EAST,
P2 4L,S1,11/15/2020,798.72,CONTINUOUS,EAST,
P2 4L,S1,10/3/2021,0,CONTINUOUS,EAST,
P2 4L,S1,1/2/2022,0,CONTINUOUS,EAST,
P1 1L,S1,12/6/2020,417.9348838,SEASONAL,EAST,
P1 1L,S1,8/29/2021,2521.6,SEASONAL,EAST,
P1 1L,S1,11/24/2019,0,SEASONAL,WEST,
P1 1L,S1,2/9/2020,0,SEASONAL,WEST,
P1 1L,S1,5/31/2020,115.2,SEASONAL,WEST,
P1 1L,S1,7/5/2020,1024,SEASONAL,WEST,
P1 1L,S1,11/28/2021,0,SEASONAL,WEST,
P1 1L,S1,5/31/2020,3993.6,SEASONAL,NORTH,
P1 1L,S1,6/14/2020,4576,SEASONAL,NORTH,
P1 1L,S1,6/21/2020,5318.4,SEASONAL,NORTH,
P1 1L,S1,8/9/2020,4147.2,SEASONAL,NORTH,
P1 1L,S1,8/23/2020,3616,SEASONAL,NORTH,
P1 1L,S1,9/6/2020,2297.6,SEASONAL,NORTH,
P1 1L,S1,9/13/2020,1824,SEASONAL,NORTH,
P1 1L,S1,2/21/2021,352,SEASONAL,NORTH,
P1 1L,S1,2/28/2021,403.2,SEASONAL,NORTH,
P1 1L,S1,3/7/2021,1113.6,SEASONAL,NORTH,
P1 1L,S1,4/11/2021,1856,SEASONAL,NORTH,
P1 500ML,S1,5/12/2019,18595.84,SEASONAL,WEST,
P1 500ML,S1,4/12/2020,2626.56,SEASONAL,WEST,
P1 500ML,S1,11/29/2020,919.04,SEASONAL,WEST,
P1 500ML,S1,2/28/2021,2465.28,SEASONAL,WEST,
P1 500ML,S1,11/11/2018,80.64,SEASONAL,SOUTH,
P1 500ML,S1,12/2/2018,34.56,SEASONAL,SOUTH,
P1 500ML,S1,1/6/2019,103.68,SEASONAL,SOUTH,
P1 500ML,S1,3/3/2019,207.36,SEASONAL,SOUTH,
P1 500ML,S1,3/31/2019,472.32,SEASONAL,SOUTH,
P1 500ML,S1,6/16/2019,614.4,SEASONAL,SOUTH,
P1 500ML,S1,7/21/2019,734.72,SEASONAL,SOUTH,
P1 500ML,S1,4/19/2020,426.24,SEASONAL,SOUTH,
P1 500ML,S1,9/20/2020,57.6,SEASONAL,SOUTH,
P1 500ML,S1,1/3/2021,46.08,SEASONAL,SOUTH,
P1 500ML,S1,2/14/2021,57.6,SEASONAL,SOUTH,
P1 500ML,S1,2/28/2021,126.72,SEASONAL,SOUTH,
P1 500ML,S1,10/3/2021,24.23466666,SEASONAL,SOUTH,
P2 4L,S1,3/3/2019,314.88,CONTINUOUS,WEST,
P2 4L,S1,3/17/2019,299.52,CONTINUOUS,WEST,
P2 4L,S1,6/2/2019,48.64,CONTINUOUS,WEST,
P2 4L,S1,8/18/2019,33.28,CONTINUOUS,WEST,
P2 4L,S1,12/1/2019,345.6,CONTINUOUS,WEST,
P2 4L,S1,3/1/2020,197.12,CONTINUOUS,WEST,
P2 4L,S1,9/6/2020,0,CONTINUOUS,WEST,
P2 4L,S1,12/20/2020,0,CONTINUOUS,WEST,
P2 4L,S1,8/1/2021,5.12,CONTINUOUS,WEST,
P2 4L,S1,10/10/2021,12.8,CONTINUOUS,WEST,
P2 4L,S1,7/7/2019,279.04,CONTINUOUS,EAST,
P2 4L,S1,7/14/2019,286.72,CONTINUOUS,EAST,
P2 4L,S1,12/13/2020,693.76,CONTINUOUS,EAST,
P2 4L,S1,1/17/2021,592.5236364,CONTINUOUS,EAST,
P1 1L,S1,11/25/2018,454.4,SEASONAL,EAST,
P1 1L,S1,12/16/2018,832,SEASONAL,EAST,
P1 1L,S1,3/3/2019,768,SEASONAL,EAST,
P1 1L,S1,9/29/2019,371.2,SEASONAL,EAST,
P1 1L,S1,12/1/2019,332.8,SEASONAL,EAST,
P1 1L,S1,2/23/2020,460.8,SEASONAL,EAST,
P1 1L,S1,8/16/2020,1420.8,SEASONAL,EAST,
P1 1L,S1,7/4/2021,1907.2,SEASONAL,EAST,
P1 1L,S1,7/21/2019,1433.6,SEASONAL,WEST,
P1 1L,S1,9/15/2019,153.6,SEASONAL,WEST,
P1 1L,S1,10/6/2019,0,SEASONAL,WEST,
P1 1L,S1,6/14/2020,544,SEASONAL,WEST,
P1 1L,S1,1/10/2021,0,SEASONAL,WEST,
P1 1L,S1,2/21/2021,0,SEASONAL,WEST,
P1 1L,S1,3/28/2021,70.4,SEASONAL,WEST,
P1 1L,S1,6/6/2021,1171.2,SEASONAL,WEST,
P1 1L,S1,10/31/2021,115.2,SEASONAL,WEST,
P1 1L,S1,2/24/2019,198.4,SEASONAL,NORTH,
P1 1L,S1,5/26/2019,3833.6,SEASONAL,NORTH,
P1 1L,S1,3/1/2020,1376,SEASONAL,NORTH,
P1 1L,S1,5/17/2020,2252.8,SEASONAL,NORTH,
P1 1L,S1,7/26/2020,4601.6,SEASONAL,NORTH,
P1 1L,S1,5/9/2021,2636.8,SEASONAL,NORTH,
P1 1L,S1,9/26/2021,2035.2,SEASONAL,NORTH,
P1 1L,S1,10/3/2021,1299.2,SEASONAL,NORTH,
P1 1L,S1,10/24/2021,652.8,SEASONAL,NORTH,
P1 500ML,S1,1/13/2019,403.2,SEASONAL,WEST,
P1 500ML,S1,6/2/2019,21862.4,SEASONAL,WEST,
P1 500ML,S1,6/9/2019,16691.2,SEASONAL,WEST,
P1 500ML,S1,8/11/2019,23031.04,SEASONAL,WEST,
P1 500ML,S1,9/29/2019,2341.12,SEASONAL,WEST,
P1 500ML,S1,3/29/2020,2427.058266,SEASONAL,WEST,
P1 500ML,S1,1/13/2019,195.84,SEASONAL,SOUTH,
P1 500ML,S1,2/3/2019,34.56,SEASONAL,SOUTH,
P1 500ML,S1,3/17/2019,760.32,SEASONAL,SOUTH,
P1 500ML,S1,10/6/2019,126.72,SEASONAL,SOUTH,
P1 500ML,S1,11/10/2019,92.16,SEASONAL,SOUTH,
P1 500ML,S1,2/16/2020,184.32,SEASONAL,SOUTH,
P1 500ML,S1,7/12/2020,561.92,SEASONAL,SOUTH,
P1 500ML,S1,3/14/2021,334.08,SEASONAL,SOUTH,
P1 500ML,S1,5/30/2021,357.12,SEASONAL,SOUTH,
P1 500ML,S1,6/20/2021,560.64,SEASONAL,SOUTH,
P1 500ML,S1,11/21/2021,51.84,SEASONAL,SOUTH,
P1 500ML,S1,1/16/2022,34.56,SEASONAL,SOUTH,
P2 4L,S1,11/4/2018,437.76,CONTINUOUS,WEST,
P2 4L,S1,4/28/2019,296.96,CONTINUOUS,WEST,
P2 4L,S1,5/19/2019,48.64,CONTINUOUS,WEST,
P2 4L,S1,11/3/2019,401.92,CONTINUOUS,WEST,
P2 4L,S1,5/31/2020,0,CONTINUOUS,WEST,
P2 4L,S1,6/14/2020,0,CONTINUOUS,WEST,
P2 4L,S1,8/16/2020,0,CONTINUOUS,WEST,
P2 4L,S1,12/13/2020,2.56,CONTINUOUS,WEST,
P2 4L,S1,3/14/2021,7.68,CONTINUOUS,WEST,
P2 4L,S1,11/21/2021,1.28,CONTINUOUS,WEST,
P2 4L,S1,1/19/2020,343.04,CONTINUOUS,EAST,
P2 4L,S1,3/15/2020,701.44,CONTINUOUS,EAST,
P2 4L,S1,5/17/2020,704,CONTINUOUS,EAST,
P2 4L,S1,12/27/2020,583.68,CONTINUOUS,EAST,
P1 1L,S1,3/17/2019,768,SEASONAL,EAST,
P1 1L,S1,9/8/2019,934.4,SEASONAL,EAST,
P1 1L,S1,2/9/2020,1241.6,SEASONAL,EAST,
P1 1L,S1,10/11/2020,1100.8,SEASONAL,EAST,
P1 1L,S1,5/30/2021,1600,SEASONAL,EAST,
P1 1L,S1,10/17/2021,972.8,SEASONAL,EAST,
P1 1L,S1,6/30/2019,2022.4,SEASONAL,WEST,
P1 1L,S1,4/26/2020,0,SEASONAL,WEST,
P1 1L,S1,7/19/2020,1126.4,SEASONAL,WEST,
P1 1L,S1,10/11/2020,12.8,SEASONAL,WEST,
P1 1L,S1,10/24/2021,128,SEASONAL,WEST,
P1 1L,S1,7/14/2019,4275.2,SEASONAL,NORTH,
P1 1L,S1,11/29/2020,1461.508197,SEASONAL,NORTH,
P1 1L,S1,12/13/2020,339.2,SEASONAL,NORTH,
P1 1L,S1,8/15/2021,5036.8,SEASONAL,NORTH,
P1 500ML,S1,4/14/2019,16432.64,SEASONAL,WEST,
P1 500ML,S1,12/1/2019,716.8,SEASONAL,WEST,
P1 500ML,S1,4/5/2020,1853.717254,SEASONAL,WEST,
P1 500ML,S1,5/23/2021,25047.04,SEASONAL,WEST,
P1 500ML,S1,3/10/2019,391.68,SEASONAL,SOUTH,
P1 500ML,S1,4/7/2019,126.72,SEASONAL,SOUTH,
P1 500ML,S1,12/12/2021,0,SEASONAL,SOUTH,
P1 500ML,S1,12/19/2021,34.56,SEASONAL,SOUTH,
P2 4L,S1,4/21/2019,296.96,CONTINUOUS,WEST,
P2 4L,S1,7/21/2019,266.24,CONTINUOUS,WEST,
P2 4L,S1,4/26/2020,197.12,CONTINUOUS,WEST,
P2 4L,S1,8/2/2020,0,CONTINUOUS,WEST,
P2 4L,S1,4/11/2021,0,CONTINUOUS,WEST,
P2 4L,S1,12/26/2021,0,CONTINUOUS,WEST,
P2 4L,S1,1/2/2022,0,CONTINUOUS,WEST,
P2 4L,S1,1/27/2019,419.84,CONTINUOUS,EAST,
P2 4L,S1,9/26/2021,0,CONTINUOUS,EAST,
P1 1L,S1,2/17/2019,524.8,SEASONAL,EAST,
P1 1L,S1,2/16/2020,1075.2,SEASONAL,EAST,
P1 1L,S1,4/18/2021,960,SEASONAL,EAST,
P1 1L,S1,9/26/2021,1152,SEASONAL,EAST,
P1 1L,S1,1/9/2022,230.4,SEASONAL,EAST,
P1 1L,S1,5/24/2020,3321.6,SEASONAL,NORTH,
P1 1L,S1,7/19/2020,3808,SEASONAL,NORTH,
P1 1L,S1,7/25/2021,5196.8,SEASONAL,NORTH,
P1 1L,S1,9/12/2021,1830.4,SEASONAL,NORTH,
P1 500ML,S1,3/22/2020,2704.463893,SEASONAL,WEST,
P1 500ML,S1,4/19/2020,6539.52,SEASONAL,WEST,
P1 500ML,S1,9/20/2020,7004.16,SEASONAL,WEST,
P1 500ML,S1,8/22/2021,26069.76,SEASONAL,WEST,
P1 500ML,S1,12/12/2021,849.92,SEASONAL,WEST,
P1 500ML,S1,12/26/2021,264.96,SEASONAL,WEST,
P1 500ML,S1,2/17/2019,184.32,SEASONAL,SOUTH,
P1 500ML,S1,12/1/2019,57.6,SEASONAL,SOUTH,
P1 500ML,S1,12/15/2019,0,SEASONAL,SOUTH,
P1 500ML,S1,1/26/2020,200.96,SEASONAL,SOUTH,
P1 500ML,S1,6/21/2020,491.52,SEASONAL,SOUTH,
P1 500ML,S1,8/16/2020,593.92,SEASONAL,SOUTH,
P1 500ML,S1,11/29/2020,92.16,SEASONAL,SOUTH,
P1 500ML,S1,2/21/2021,161.28,SEASONAL,SOUTH,
P2 4L,S1,3/7/2021,10.24,CONTINUOUS,WEST,
P2 4L,S1,5/19/2019,238.08,CONTINUOUS,EAST,
P2 4L,S1,12/15/2019,463.36,CONTINUOUS,EAST,
P2 4L,S1,6/7/2020,488.96,CONTINUOUS,EAST,
P2 4L,S1,9/5/2021,0,CONTINUOUS,EAST,
P2 4L,S1,12/12/2021,0,CONTINUOUS,EAST,
P1 1L,S1,4/7/2019,768,SEASONAL,EAST,
P1 1L,S1,4/28/2019,0,SEASONAL,EAST,
P1 1L,S1,6/16/2019,1715.2,SEASONAL,WEST,
P1 1L,S1,12/15/2019,0,SEASONAL,WEST,
P1 1L,S1,3/3/2019,716.8,SEASONAL,NORTH,
P1 1L,S1,6/9/2019,4307.2,SEASONAL,NORTH,
P1 1L,S1,9/1/2019,2867.2,SEASONAL,NORTH,
P1 1L,S1,3/22/2020,1320.421053,SEASONAL,NORTH,
P1 500ML,S1,12/16/2018,533.76,SEASONAL,WEST,
P1 500ML,S1,1/27/2019,344.32,SEASONAL,WEST,
P1 500ML,S1,11/24/2019,587.52,SEASONAL,WEST,
P1 500ML,S1,12/29/2019,225.28,SEASONAL,WEST,
P1 500ML,S1,8/29/2021,14956.8,SEASONAL,WEST,
P1 500ML,S1,4/21/2019,426.24,SEASONAL,SOUTH,
P1 500ML,S1,8/25/2019,718.08,SEASONAL,SOUTH,
P1 500ML,S1,5/17/2020,476.16,SEASONAL,SOUTH,
P2 4L,S1,7/7/2019,261.12,CONTINUOUS,WEST,
P2 4L,S1,11/15/2020,2.56,CONTINUOUS,WEST,
P2 4L,S1,6/9/2019,314.88,CONTINUOUS,EAST,
P2 4L,S1,8/4/2019,291.84,CONTINUOUS,EAST,
P2 4L,S1,3/7/2021,558.08,CONTINUOUS,EAST,
P2 4L,S1,8/1/2021,0,CONTINUOUS,EAST,
P2 4L,S1,1/9/2022,0,CONTINUOUS,EAST,
P1 1L,S1,12/23/2018,1088,SEASONAL,EAST,
P1 1L,S1,4/26/2020,1216,SEASONAL,EAST,
P1 1L,S1,12/13/2020,832,SEASONAL,EAST,
P1 1L,S1,1/3/2021,76.8,SEASONAL,EAST,
P1 1L,S1,3/21/2021,2112,SEASONAL,EAST,
P1 1L,S1,5/12/2019,640,SEASONAL,WEST,
P1 1L,S1,11/11/2018,249.6,SEASONAL,NORTH,
P1 1L,S1,11/18/2018,268.8,SEASONAL,NORTH,
P1 1L,S1,9/29/2019,1222.4,SEASONAL,NORTH,
P1 1L,S1,1/5/2020,390.4,SEASONAL,NORTH,
P1 1L,S1,8/1/2021,3820.8,SEASONAL,NORTH,
P1 1L,S1,11/14/2021,838.4,SEASONAL,NORTH,
P1 1L,S1,12/12/2021,268.8,SEASONAL,NORTH,
P1 500ML,S1,4/7/2019,10522.88,SEASONAL,WEST,
P1 500ML,S1,9/13/2020,5493.76,SEASONAL,WEST,
P1 500ML,S1,9/27/2020,345.6,SEASONAL,SOUTH,
P1 500ML,S1,3/28/2021,264.96,SEASONAL,SOUTH,
P2 4L,S1,6/23/2019,496.64,CONTINUOUS,WEST,
P2 4L,S1,2/10/2019,437.76,CONTINUOUS,EAST,
P2 4L,S1,11/17/2019,284.16,CONTINUOUS,EAST,
P2 4L,S1,9/13/2020,616.96,CONTINUOUS,EAST,
P2 4L,S1,1/10/2021,660.48,CONTINUOUS,EAST,
P1 1L,S1,7/19/2020,899.2,SEASONAL,EAST,
P1 1L,S1,11/4/2018,320,SEASONAL,NORTH,
P1 500ML,S1,6/27/2021,25432.32,SEASONAL,WEST,
P2 4L,S1,4/19/2020,0,CONTINUOUS,WEST,
P2 4L,S1,6/21/2020,0,CONTINUOUS,WEST,
P2 4L,S1,10/17/2021,0,CONTINUOUS,EAST,
